question,case,Ta_C,Ce_kg_kg,nominal_event_s,nominal_event_h,delta_s,delta_min,delta_percent,event_refinement_s,event_refinement_target_s,paired_refinement_s,paired_target_s,order,order_supported,spatial_resolution_pass,base_R_minus_formal_nominal_s,parameters,max_position,basis
Q3,base,50.165,0.04986,205809.7629924418,57.16937860901161,0.0,0.0,0.0,0.02154994959710166,0.7854155109613203,0.0,0.1,1.8741259348306742,True,True,0.0031101584900170565,appendix3 unchanged,centre after full reconstruction scan,"last-hour observed range, one factor after 4h; not a probability interval"
Q3,Ta_low,49.757,0.04986,208496.12754115986,57.91559098365552,2686.364548718062,44.77274247863436,1.305265848256536,0.0226700943603646,0.7854155109613203,0.0011201447632629424,53.72729097436124,1.872190654642294,True,True,0.0031101584900170565,appendix3 unchanged,centre after full reconstruction scan,"last-hour observed range, one factor after 4h; not a probability interval"
Q3,Ta_high,50.236,0.04986,205347.26635634643,57.04090732120734,-462.49663609536947,-7.7082772682561576,-0.22472045512843541,0.021359851671149954,0.7854155109613203,0.00019009792595170438,9.24993272190739,1.8744639027850865,True,True,0.0031101584900170565,appendix3 unchanged,centre after full reconstruction scan,"last-hour observed range, one factor after 4h; not a probability interval"
Q3,Ce_low,50.165,0.04975,205801.9088373322,57.16719689925894,-7.8541551096132025,-0.13090258516022005,-0.00381622086115596,0.022245208092499524,0.7854155109613203,0.0006952584953978658,0.15708310219226404,1.8720798384358723,True,True,0.0031101584900170565,appendix3 unchanged,centre after full reconstruction scan,"last-hour observed range, one factor after 4h; not a probability interval"
Q3,Ce_high,50.165,0.05024,205837.14586752653,57.17698496320181,27.382875084731495,0.4563812514121916,0.013304944666661468,0.01931604478158988,0.7854155109613203,0.002233904815511778,0.5476575016946299,1.8809348070392347,True,True,0.0031101584900170565,appendix3 unchanged,centre after full reconstruction scan,"last-hour observed range, one factor after 4h; not a probability interval"
Q4,base,50.165,0.04986,183287.81673418207,50.913282426161686,0.0,0.0,0.0,0.27727481196052395,0.9486624928191305,0.0,0.1,1.8230137423136272,True,True,0.04836504100239836,"final frozen B2, no refit",centre after full reconstruction scan,"last-hour observed range, one factor after 4h; not a probability interval"
Q4,Ta_low,49.757,0.04986,185717.6723585636,51.58824232182322,2429.85562438154,40.497593739692334,1.325704931007772,0.28982445679139346,0.9486624928191305,0.01254964483086951,48.5971124876308,1.8207624712272374,True,True,0.04836504100239836,"final frozen B2, no refit",centre after full reconstruction scan,"last-hour observed range, one factor after 4h; not a probability interval"
Q4,Ta_high,50.236,0.04986,182869.4454886842,50.797068191301165,-418.37124549786677,-6.972854091631112,-0.2282591679863919,0.27514430816518143,0.9486624928191305,0.00213050379534252,8.367424909957336,1.8234035826088348,True,True,0.04836504100239836,"final frozen B2, no refit",centre after full reconstruction scan,"last-hour observed range, one factor after 4h; not a probability interval"
Q4,Ce_low,50.165,0.04975,183278.33010925387,50.91064725257052,-9.486624928191304,-0.15811041546985508,-0.005175807698091319,0.2830762983066961,0.9486624928191305,0.005801486346172169,0.1897324985638261,1.8211406860042356,True,True,0.04836504100239836,"final frozen B2, no refit",centre after full reconstruction scan,"last-hour observed range, one factor after 4h; not a probability interval"
Q4,Ce_high,50.165,0.05024,183320.98050187432,50.922494583853975,33.16376769225462,0.5527294615375771,0.018093820027520566,0.25819748506182805,0.9486624928191305,0.0190773268986959,0.6632753538450925,1.82931114129714,True,True,0.04836504100239836,"final frozen B2, no refit",centre after full reconstruction scan,"last-hour observed range, one factor after 4h; not a probability interval"
